{
	"credit": "Made with Blockbench",
	"parent": "block/block",
	"ambientocclusion": false,
	"textures": {
		"0": "block/cactus_side",
		"1": "block/cactus_top",
		"2": "block/cactus_bottom",
		"4": "block/cactus_arm",
		"particle": "block/cactus_side"
	},
	"elements": [
		{
			"from": [1, 0, 0],
			"to": [1, 16, 16],
			"faces": {
				"north": {"uv": [0, 0, 0, 16], "texture": "#missing"},
				"east": {"uv": [0, 0, 16, 16], "texture": "#0"},
				"south": {"uv": [0, 0, 0, 16], "texture": "#missing"},
				"west": {"uv": [0, 0, 16, 16], "texture": "#0", "cullface": "west"},
				"up": {"uv": [0, 0, 0, 16], "texture": "#missing"},
				"down": {"uv": [0, 0, 0, 16], "texture": "#missing"}
			}
		},
		{
			"from": [0, 0, 1],
			"to": [16, 16, 1],
			"faces": {
				"north": {"uv": [0, 0, 16, 16], "texture": "#0", "cullface": "north"},
				"east": {"uv": [0, 0, 0, 16], "texture": "#missing"},
				"south": {"uv": [0, 0, 16, 16], "texture": "#0"},
				"west": {"uv": [0, 0, 0, 16], "texture": "#missing"},
				"up": {"uv": [0, 0, 0, 16], "rotation": 270, "texture": "#missing"},
				"down": {"uv": [0, 0, 0, 16], "rotation": 90, "texture": "#missing"}
			}
		},
		{
			"from": [15, 0, 0],
			"to": [15, 16, 16],
			"faces": {
				"north": {"uv": [0, 0, 0, 16], "texture": "#missing"},
				"east": {"uv": [0, 0, 16, 16], "texture": "#0", "cullface": "east"},
				"south": {"uv": [0, 0, 0, 16], "texture": "#missing"},
				"west": {"uv": [0, 0, 16, 16], "texture": "#0"},
				"up": {"uv": [0, 0, 0, 16], "texture": "#missing"},
				"down": {"uv": [0, 0, 0, 16], "texture": "#missing"}
			}
		},
		{
			"from": [0, 0, 15],
			"to": [16, 16, 15],
			"faces": {
				"north": {"uv": [0, 0, 16, 16], "texture": "#0"},
				"east": {"uv": [0, 0, 0, 16], "texture": "#missing"},
				"south": {"uv": [0, 0, 16, 16], "texture": "#0", "cullface": "south"},
				"west": {"uv": [0, 0, 0, 16], "texture": "#missing"},
				"up": {"uv": [0, 0, 0, 16], "rotation": 90, "texture": "#missing"},
				"down": {"uv": [0, 0, 0, 16], "rotation": 270, "texture": "#missing"}
			}
		},
		{
			"from": [19, 10, 11],
			"to": [28, 26, 11],
			"rotation": {"angle": 0, "axis": "y", "origin": [19, 10, -4]},
			"faces": {
				"north": {"uv": [0.5, 0.5, 5, 8.5], "texture": "#4", "cullface": "up"},
				"east": {"uv": [0, 0, 0, 16], "texture": "#missing"},
				"south": {"uv": [0.5, 0.5, 5, 8.5], "texture": "#4", "cullface": "up"},
				"west": {"uv": [0, 0, 0, 16], "texture": "#missing"},
				"up": {"uv": [0, 0, 0, 16], "rotation": 90, "texture": "#missing"},
				"down": {"uv": [0, 0, 0, 16], "rotation": 270, "texture": "#missing"}
			}
		},
		{
			"from": [19, 10, 4],
			"to": [28, 26, 4],
			"rotation": {"angle": 0, "axis": "y", "origin": [19, 10, -11]},
			"faces": {
				"north": {"uv": [0.5, 0.5, 5, 8.5], "texture": "#4", "cullface": "up"},
				"east": {"uv": [0, 0, 0, 16], "texture": "#missing"},
				"south": {"uv": [0.5, 0.5, 5, 8.5], "texture": "#4", "cullface": "up"},
				"west": {"uv": [0, 0, 0, 16], "texture": "#missing"},
				"up": {"uv": [0, 0, 0, 16], "rotation": 90, "texture": "#missing"},
				"down": {"uv": [0, 0, 0, 16], "rotation": 270, "texture": "#missing"}
			}
		},
		{
			"from": [27, 10, 3],
			"to": [27, 26, 12],
			"rotation": {"angle": 0, "axis": "y", "origin": [12, 10, 12]},
			"faces": {
				"north": {"uv": [0, 0, 0, 16], "texture": "#missing"},
				"east": {"uv": [0.5, 0.5, 5, 8.5], "texture": "#4", "cullface": "up"},
				"south": {"uv": [0, 0, 0, 16], "texture": "#missing"},
				"west": {"uv": [0.5, 0.5, 5, 8.5], "texture": "#4", "cullface": "up"},
				"up": {"uv": [0, 0, 0, 16], "texture": "#missing"},
				"down": {"uv": [0, 0, 0, 16], "texture": "#missing"}
			}
		},
		{
			"from": [20, 10, 3],
			"to": [20, 26, 12],
			"rotation": {"angle": 0, "axis": "y", "origin": [5, 10, 12]},
			"faces": {
				"north": {"uv": [0, 0, 0, 16], "texture": "#missing"},
				"east": {"uv": [0.5, 0.5, 5, 8.5], "texture": "#4", "cullface": "up"},
				"south": {"uv": [0, 0, 0, 16], "texture": "#missing"},
				"west": {"uv": [0.5, 0.5, 5, 8.5], "texture": "#4", "cullface": "up"},
				"up": {"uv": [0, 0, 0, 16], "texture": "#missing"},
				"down": {"uv": [0, 0, 0, 16], "texture": "#missing"}
			}
		},
		{
			"from": [1, -0.001, 1.001],
			"to": [15, -0.001, 15.001],
			"rotation": {"angle": 0, "axis": "y", "origin": [-10, 15.999, 1.001]},
			"faces": {
				"north": {"uv": [0, 0, 14, 0], "texture": "#missing"},
				"east": {"uv": [0, 0, 14, 0], "texture": "#missing"},
				"south": {"uv": [0, 0, 14, 0], "texture": "#missing"},
				"west": {"uv": [0, 0, 14, 0], "texture": "#missing"},
				"up": {"uv": [1, 1, 15, 15], "texture": "#2"},
				"down": {"uv": [1, 1, 15, 15], "texture": "#2", "cullface": "down"}
			}
		},
		{
			"from": [1, 15.999, 1.001],
			"to": [15, 15.999, 15.001],
			"rotation": {"angle": 0, "axis": "y", "origin": [-10, 15.999, 1.001]},
			"faces": {
				"north": {"uv": [0, 0, 14, 0], "texture": "#missing"},
				"east": {"uv": [0, 0, 14, 0], "texture": "#missing"},
				"south": {"uv": [0, 0, 14, 0], "texture": "#missing"},
				"west": {"uv": [0, 0, 14, 0], "texture": "#missing"},
				"up": {"uv": [1, 1, 15, 15], "texture": "#1", "cullface": "up"},
				"down": {"uv": [0, 0, 14, 14], "texture": "#1"}
			}
		},
		{
			"from": [20, 10, 4],
			"to": [27, 26, 11],
			"rotation": {"angle": 0, "axis": "y", "origin": [20, 10, 4]},
			"faces": {
				"north": {"uv": [1, 0.5, 4.5, 8.5], "texture": "#4", "cullface": "up"},
				"east": {"uv": [1, 0.5, 4.5, 8.5], "texture": "#4", "cullface": "up"},
				"south": {"uv": [1, 0.5, 4.5, 8.5], "texture": "#4", "cullface": "up"},
				"west": {"uv": [1, 0.5, 4.5, 8.5], "texture": "#4", "cullface": "up"},
				"up": {"uv": [7.5, 2, 11, 5.5], "texture": "#4", "cullface": "up"},
				"down": {"uv": [0, 0, 7, 7], "texture": "#missing", "cullface": "up"}
			}
		},
		{
			"from": [15, 3, 4],
			"to": [27, 10, 11],
			"rotation": {"angle": 0, "axis": "y", "origin": [15, 3, 4]},
			"faces": {
				"north": {"uv": [0.5, 11.5, 6.5, 15], "texture": "#4", "cullface": "up"},
				"east": {"uv": [1, 4.5, 4.5, 8], "texture": "#4", "cullface": "up"},
				"south": {"uv": [0.5, 11.5, 6.5, 15], "texture": "#4", "cullface": "up"},
				"west": {"uv": [0, 0, 7, 7], "texture": "#missing", "cullface": "up"},
				"up": {"uv": [0.5, 11.5, 6.5, 15], "texture": "#4", "cullface": "up"},
				"down": {"uv": [0.5, 11.5, 6.5, 15], "texture": "#4", "cullface": "up"}
			}
		}
	]
}