{
	"credit": "Made with Blockbench",
	"textures": {
		"0": "block/pale_moss_block",
		"1": "block/pale_mushroom2",
		"particle": "block/pale_moss_block"
	},
	"elements": [
		{
			"from": [0, 0, 0],
			"to": [16, 16, 16],
			"faces": {
				"north": {"uv": [0, 0, 16, 16], "texture": "#0", "cullface": "north"},
				"east": {"uv": [0, 0, 16, 16], "texture": "#0", "cullface": "east"},
				"south": {"uv": [0, 0, 16, 16], "texture": "#0", "cullface": "south"},
				"west": {"uv": [0, 0, 16, 16], "texture": "#0", "cullface": "west"},
				"up": {"uv": [0, 0, 16, 16], "texture": "#0", "cullface": "up"},
				"down": {"uv": [0, 0, 16, 16], "texture": "#0", "cullface": "down"}
			}
		},
		{
			"from": [8, 16, 7],
			"to": [8, 27, 9],
			"shade": false,
			"rotation": {"angle": 45, "axis": "y", "origin": [8, 26.5, 8]},
			"faces": {
				"north": {"uv": [0, 0, 2, 2], "texture": "#missing"},
				"east": {"uv": [7, 5, 9, 16], "texture": "#1", "cullface": "up"},
				"south": {"uv": [0, 0, 2, 2], "texture": "#missing"},
				"west": {"uv": [7, 5, 9, 16], "texture": "#1", "cullface": "up"},
				"up": {"uv": [0, 0, 2, 2], "texture": "#missing"},
				"down": {"uv": [0, 0, 2, 2], "texture": "#missing"}
			}
		},
		{
			"from": [8, 27, 4],
			"to": [8, 29, 12],
			"shade": false,
			"rotation": {"angle": 45, "axis": "y", "origin": [8, 26.5, 8]},
			"faces": {
				"north": {"uv": [0, 0, 2, 2], "texture": "#missing"},
				"east": {"uv": [4, 3, 12, 5], "texture": "#1", "cullface": "up"},
				"south": {"uv": [0, 0, 2, 2], "texture": "#missing"},
				"west": {"uv": [4, 3, 12, 5], "texture": "#1", "cullface": "up"},
				"up": {"uv": [0, 0, 2, 2], "texture": "#missing"},
				"down": {"uv": [0, 0, 2, 2], "texture": "#missing"}
			}
		},
		{
			"from": [8, 29, 5],
			"to": [8, 31, 11],
			"shade": false,
			"rotation": {"angle": 45, "axis": "y", "origin": [8, 26.5, 8]},
			"faces": {
				"north": {"uv": [0, 0, 2, 2], "texture": "#missing"},
				"east": {"uv": [5, 1, 11, 3], "texture": "#1", "cullface": "up"},
				"south": {"uv": [0, 0, 2, 2], "texture": "#missing"},
				"west": {"uv": [5, 1, 11, 3], "texture": "#1", "cullface": "up"},
				"up": {"uv": [0, 0, 2, 2], "texture": "#missing"},
				"down": {"uv": [0, 0, 2, 2], "texture": "#missing"}
			}
		},
		{
			"from": [8, 31, 6],
			"to": [8, 32, 10],
			"shade": false,
			"rotation": {"angle": 45, "axis": "y", "origin": [8, 26.5, 8]},
			"faces": {
				"north": {"uv": [0, 0, 2, 2], "texture": "#missing"},
				"east": {"uv": [6, 0, 10, 1], "texture": "#1", "cullface": "up"},
				"south": {"uv": [0, 0, 2, 2], "texture": "#missing"},
				"west": {"uv": [6, 0, 10, 1], "texture": "#1", "cullface": "up"},
				"up": {"uv": [0, 0, 2, 2], "texture": "#missing"},
				"down": {"uv": [0, 0, 2, 2], "texture": "#missing"}
			}
		},
		{
			"from": [6, 31, 8],
			"to": [10, 32, 8],
			"shade": false,
			"rotation": {"angle": 45, "axis": "y", "origin": [8, 26.5, 8]},
			"faces": {
				"north": {"uv": [6, 0, 10, 1], "texture": "#1", "cullface": "up"},
				"east": {"uv": [0, 0, 2, 2], "texture": "#missing"},
				"south": {"uv": [6, 0, 10, 1], "texture": "#1", "cullface": "up"},
				"west": {"uv": [0, 0, 2, 2], "texture": "#missing"},
				"up": {"uv": [0, 0, 2, 2], "rotation": 270, "texture": "#missing"},
				"down": {"uv": [0, 0, 2, 2], "rotation": 90, "texture": "#missing"}
			}
		},
		{
			"from": [5, 29, 8],
			"to": [11, 31, 8],
			"shade": false,
			"rotation": {"angle": 45, "axis": "y", "origin": [8, 26.5, 8]},
			"faces": {
				"north": {"uv": [5, 1, 11, 3], "texture": "#1", "cullface": "up"},
				"east": {"uv": [0, 0, 2, 2], "texture": "#missing"},
				"south": {"uv": [5, 1, 11, 3], "texture": "#1", "cullface": "up"},
				"west": {"uv": [0, 0, 2, 2], "texture": "#missing"},
				"up": {"uv": [0, 0, 2, 2], "rotation": 270, "texture": "#missing"},
				"down": {"uv": [0, 0, 2, 2], "rotation": 90, "texture": "#missing"}
			}
		},
		{
			"from": [4, 27, 8],
			"to": [12, 29, 8],
			"shade": false,
			"rotation": {"angle": 45, "axis": "y", "origin": [8, 26.5, 8]},
			"faces": {
				"north": {"uv": [4, 3, 12, 5], "texture": "#1", "cullface": "up"},
				"east": {"uv": [0, 0, 2, 2], "texture": "#missing"},
				"south": {"uv": [4, 3, 12, 5], "texture": "#1", "cullface": "up"},
				"west": {"uv": [0, 0, 2, 2], "texture": "#missing"},
				"up": {"uv": [0, 0, 2, 2], "rotation": 270, "texture": "#missing"},
				"down": {"uv": [0, 0, 2, 2], "rotation": 90, "texture": "#missing"}
			}
		},
		{
			"from": [7, 16, 8],
			"to": [9, 27, 8],
			"shade": false,
			"rotation": {"angle": 45, "axis": "y", "origin": [8, 26.5, 8]},
			"faces": {
				"north": {"uv": [7, 5, 9, 16], "texture": "#1", "cullface": "up"},
				"east": {"uv": [0, 0, 2, 2], "texture": "#missing"},
				"south": {"uv": [7, 5, 9, 16], "texture": "#1", "cullface": "up"},
				"west": {"uv": [0, 0, 2, 2], "texture": "#missing"},
				"up": {"uv": [0, 0, 2, 2], "rotation": 270, "texture": "#missing"},
				"down": {"uv": [0, 0, 2, 2], "rotation": 90, "texture": "#missing"}
			}
		}
	],
	"groups": [
		0,
		{
			"name": "group",
			"origin": [6, 31, 6],
			"color": 0,
			"shade": false,
			"children": [1, 2, 3, 4, 5, 6, 7, 8]
		}
	]
}