{
	"credit": "Made with Blockbench",
	"ambientocclusion": false,
	"textures": {
		"1": "block/pale_moss_carpet_vine",
		"2": "block/pale_moss_carpet_side_small",
		"particle": "block/pale_moss_carpet_side_small"
	},
	"elements": [
		{
			"from": [0, 0, 0.8],
			"to": [16, 16, 0.8],
			"shade": false,
			"faces": {
				"north": {"uv": [16, 0, 0, 16], "texture": "#2"},
				"south": {"uv": [0, 0, 16, 16], "texture": "#2"}
			}
		},
		{
			"from": [0, -5.49928, 5.67321],
			"to": [16, 2.50072, 5.67321],
			"shade": false,
			"rotation": {"angle": -22.5, "axis": "x", "origin": [0, -5.49928, -18.12679]},
			"faces": {
				"north": {"uv": [8, 4, 0, 8], "texture": "#1"},
				"south": {"uv": [0, 4, 8, 8], "texture": "#1"}
			}
		},
		{
			"from": [0, -11.18437, 2.22906],
			"to": [16, -3.18437, 2.22906],
			"shade": false,
			"rotation": {"angle": -22.5, "axis": "x", "origin": [0, -2.18437, -21.57094]},
			"faces": {
				"north": {"uv": [8, 8, 0, 12.5], "texture": "#1"},
				"south": {"uv": [0, 8, 8, 12.5], "texture": "#1"}
			}
		}
	]
}