{
	"credit": "Made with Blockbench",
	"ambientocclusion": false,
	"textures": {
		"0": "block/short_grass",
		"2": "block/short_grass2_inv_sunflower",
		"3": "block/inv_short_grass",
		"particle": "block/short_grass"
	},
	"elements": [
		{
			"from": [-3.2, 0, 18],
			"to": [11.2, 32, 18],
			"shade": false,
			"rotation": {"angle": 45, "axis": "y", "origin": [4, 8, 18], "rescale": true},
			"faces": {
				"north": {"uv": [0, 0, 8, 16], "texture": "#0", "tintindex": 0},
				"south": {"uv": [0, 0, 8, 16], "texture": "#0", "tintindex": 0}
			}
		},
		{
			"from": [-3.2, 0, 18],
			"to": [11.2, 32, 18],
			"shade": false,
			"rotation": {"angle": 45, "axis": "y", "origin": [4, 8, 18], "rescale": true},
			"faces": {
				"north": {"uv": [0, 0, 8, 16], "texture": "#3"},
				"south": {"uv": [0, 0, 8, 16], "texture": "#3"}
			}
		},
		{
			"from": [4, 0, 10.8],
			"to": [4, 32, 25.2],
			"shade": false,
			"rotation": {"angle": 45, "axis": "y", "origin": [4, 8, 18], "rescale": true},
			"faces": {
				"east": {"uv": [0, 0, 8, 16], "texture": "#0", "tintindex": 0},
				"west": {"uv": [0, 0, 8, 16], "texture": "#0", "tintindex": 0}
			}
		},
		{
			"from": [4, 0, 10.8],
			"to": [4, 32, 25.2],
			"shade": false,
			"rotation": {"angle": 45, "axis": "y", "origin": [4, 8, 18], "rescale": true},
			"faces": {
				"east": {"uv": [0, 0, 8, 16], "texture": "#3"},
				"west": {"uv": [0, 0, 8, 16], "texture": "#3"}
			}
		},
		{
			"from": [11.8, 0, 10],
			"to": [26.2, 32, 10],
			"shade": false,
			"rotation": {"angle": 45, "axis": "y", "origin": [19, 8, 10], "rescale": true},
			"faces": {
				"north": {"uv": [0, 0, 8, 16], "texture": "#0", "tintindex": 0},
				"south": {"uv": [0, 0, 8, 16], "texture": "#0", "tintindex": 0}
			}
		},
		{
			"from": [11.8, 0, 10],
			"to": [26.2, 32, 10],
			"shade": false,
			"rotation": {"angle": 45, "axis": "y", "origin": [19, 8, 10], "rescale": true},
			"faces": {
				"north": {"uv": [0, 0, 8, 16], "texture": "#3"},
				"south": {"uv": [0, 0, 8, 16], "texture": "#3"}
			}
		},
		{
			"from": [19, 0, 2.8],
			"to": [19, 32, 17.2],
			"shade": false,
			"rotation": {"angle": 45, "axis": "y", "origin": [19, 8, 10], "rescale": true},
			"faces": {
				"east": {"uv": [0, 0, 8, 16], "texture": "#0", "tintindex": 0},
				"west": {"uv": [0, 0, 8, 16], "texture": "#0", "tintindex": 0}
			}
		},
		{
			"from": [19, 0, 2.8],
			"to": [19, 32, 17.2],
			"shade": false,
			"rotation": {"angle": 45, "axis": "y", "origin": [19, 8, 10], "rescale": true},
			"faces": {
				"east": {"uv": [0, 0, 8, 16], "texture": "#3"},
				"west": {"uv": [0, 0, 8, 16], "texture": "#3"}
			}
		},
		{
			"from": [-10.2, 0, 3],
			"to": [4.2, 32, 3],
			"shade": false,
			"rotation": {"angle": 45, "axis": "y", "origin": [-3, 8, 3], "rescale": true},
			"faces": {
				"north": {"uv": [0, 0, 8, 16], "texture": "#0", "tintindex": 0},
				"south": {"uv": [0, 0, 8, 16], "texture": "#0", "tintindex": 0}
			}
		},
		{
			"from": [-10.2, 0, 3],
			"to": [4.2, 32, 3],
			"shade": false,
			"rotation": {"angle": 45, "axis": "y", "origin": [-3, 8, 3], "rescale": true},
			"faces": {
				"north": {"uv": [0, 0, 8, 16], "texture": "#3"},
				"south": {"uv": [0, 0, 8, 16], "texture": "#3"}
			}
		},
		{
			"from": [-3, 0, -4.2],
			"to": [-3, 32, 10.2],
			"shade": false,
			"rotation": {"angle": 45, "axis": "y", "origin": [-3, 8, 3], "rescale": true},
			"faces": {
				"east": {"uv": [0, 0, 8, 16], "texture": "#0", "tintindex": 0},
				"west": {"uv": [0, 0, 8, 16], "texture": "#0", "tintindex": 0}
			}
		},
		{
			"from": [-3, 0, -4.2],
			"to": [-3, 32, 10.2],
			"shade": false,
			"rotation": {"angle": 45, "axis": "y", "origin": [-3, 8, 3], "rescale": true},
			"faces": {
				"east": {"uv": [0, 0, 8, 16], "texture": "#3"},
				"west": {"uv": [0, 0, 8, 16], "texture": "#3"}
			}
		},
		{
			"from": [11, 0, -12.2],
			"to": [11, 32, 2.2],
			"shade": false,
			"rotation": {"angle": 45, "axis": "y", "origin": [11, 8, -5], "rescale": true},
			"faces": {
				"east": {"uv": [0, 0, 8, 16], "texture": "#0", "tintindex": 0},
				"west": {"uv": [0, 0, 8, 16], "texture": "#0", "tintindex": 0}
			}
		},
		{
			"from": [11, 0, -12.2],
			"to": [11, 32, 2.2],
			"shade": false,
			"rotation": {"angle": 45, "axis": "y", "origin": [11, 8, -5], "rescale": true},
			"faces": {
				"east": {"uv": [0, 0, 8, 16], "texture": "#3"},
				"west": {"uv": [0, 0, 8, 16], "texture": "#3"}
			}
		},
		{
			"from": [3.8, 0, -5],
			"to": [18.2, 32, -5],
			"shade": false,
			"rotation": {"angle": 45, "axis": "y", "origin": [11, 8, -5], "rescale": true},
			"faces": {
				"north": {"uv": [0, 0, 8, 16], "texture": "#0", "tintindex": 0},
				"south": {"uv": [0, 0, 8, 16], "texture": "#0", "tintindex": 0}
			}
		},
		{
			"from": [3.8, 0, -5],
			"to": [18.2, 32, -5],
			"shade": false,
			"rotation": {"angle": 45, "axis": "y", "origin": [11, 8, -5], "rescale": true},
			"faces": {
				"north": {"uv": [0, 0, 8, 16], "texture": "#3"},
				"south": {"uv": [0, 0, 8, 16], "texture": "#3"}
			}
		},
		{
			"from": [8, 0, 0.8],
			"to": [8, 32, 15.2],
			"shade": false,
			"rotation": {"angle": 45, "axis": "y", "origin": [8, 8, 8], "rescale": true},
			"faces": {
				"east": {"uv": [0, 0, 8, 16], "texture": "#2"},
				"west": {"uv": [0, 0, 8, 16], "texture": "#2"}
			}
		},
		{
			"from": [0.8, 0, 8],
			"to": [15.2, 32, 8],
			"shade": false,
			"rotation": {"angle": 45, "axis": "y", "origin": [8, 8, 8], "rescale": true},
			"faces": {
				"north": {"uv": [0, 0, 8, 16], "texture": "#2"},
				"south": {"uv": [0, 0, 8, 16], "texture": "#2"}
			}
		}
	]
}