{
  "model": {
    "type": "minecraft:select",
    "property": "minecraft:component",
		"component": "minecraft:stored_enchantments",
    "cases": [
      {
        "when": [
          { "minecraft:binding_curse": 1 }
        ],
        "model": {
          "type": "minecraft:model",
          "model": "minecraft:item/enchanted_book_curse_of_binding"
        }
      },
      {
        "when": [
          { "minecraft:vanishing_curse": 1 }
        ],
        "model": {
          "type": "minecraft:model",
          "model": "minecraft:item/enchanted_book_curse_of_vanishing"
        }
      },
      {
        "when": [
          { "minecraft:soul_speed": 1 },
          { "minecraft:soul_speed": 2 },
          { "minecraft:soul_speed": 3 }
        ],
        "model": {
          "type": "minecraft:model",
          "model": "minecraft:item/enchanted_book_soul_speed"
        }
      },
      {
        "when": [
          { "minecraft:swift_sneak": 1 },
          { "minecraft:swift_sneak": 2 },
          { "minecraft:swift_sneak": 3 }
        ],
        "model": {
          "type": "minecraft:model",
          "model": "minecraft:item/enchanted_book_swift_sneak"
        }
      },
      {
        "when": [
          { "minecraft:frost_walker": 1 },
          { "minecraft:frost_walker": 2 }
        ],
        "model": {
          "type": "minecraft:model",
          "model": "minecraft:item/enchanted_book_frost_walker"
        }
      },
      {
        "when": [
          { "minecraft:mending": 1 }
        ],
        "model": {
          "type": "minecraft:model",
          "model": "minecraft:item/enchanted_book_mending"
        }
      },
      {
        "when": [
          { "minecraft:wind_burst": 1 },
          { "minecraft:wind_burst": 2 },
          { "minecraft:wind_burst": 3 }
        ],
        "model": {
          "type": "minecraft:model",
          "model": "minecraft:item/enchanted_book_wind_burst"
        }
      },
      {
        "when": [
          { "minecraft:channeling": 1 }
        ],
        "model": {
          "type": "minecraft:model",
          "model": "minecraft:item/enchanted_book_channeling"
        }
      },
      {
        "when": [
          { "minecraft:infinity": 1 }
        ],
        "model": {
          "type": "minecraft:model",
          "model": "minecraft:item/enchanted_book_infinity"
        }
      },
      {
        "when": [
          { "minecraft:silk_touch": 1 }
        ],
        "model": {
          "type": "minecraft:model",
          "model": "minecraft:item/enchanted_book_silk_touch"
        }
      },
      {
        "when": [
          { "minecraft:thorns": 1 },
          { "minecraft:thorns": 2 },
          { "minecraft:thorns": 3 }
        ],
        "model": {
          "type": "minecraft:model",
          "model": "minecraft:item/enchanted_book_thorns"
        }
      },
      {
        "when": [
          { "minecraft:aqua_affinity": 1 }
        ],
        "model": {
          "type": "minecraft:model",
          "model": "minecraft:item/enchanted_book_aqua_affinity"
        }
      },
      {
        "when": [
          { "minecraft:blast_protection": 1 },
          { "minecraft:blast_protection": 2 },
          { "minecraft:blast_protection": 3 },
          { "minecraft:blast_protection": 4 }
        ],
        "model": {
          "type": "minecraft:model",
          "model": "minecraft:item/enchanted_book_blast_protection"
        }
      },
      {
        "when": [
          { "minecraft:breach": 1 },
          { "minecraft:breach": 2 },
          { "minecraft:breach": 3 },
          { "minecraft:breach": 4 }
        ],
        "model": {
          "type": "minecraft:model",
          "model": "minecraft:item/enchanted_book_breach"
        }
      },
      {
        "when": [
          { "minecraft:depth_strider": 1 },
          { "minecraft:depth_strider": 2 },
          { "minecraft:depth_strider": 3 }
        ],
        "model": {
          "type": "minecraft:model",
          "model": "minecraft:item/enchanted_book_depth_strider"
        }
      },
      {
        "when": [
          { "minecraft:fire_aspect": 1 },
          { "minecraft:fire_aspect": 2 }
        ],
        "model": {
          "type": "minecraft:model",
          "model": "minecraft:item/enchanted_book_fire_aspect"
        }
      },
      {
        "when": [
          { "minecraft:flame": 1 }
        ],
        "model": {
          "type": "minecraft:model",
          "model": "minecraft:item/enchanted_book_flame"
        }
      },
      {
        "when": [
          { "minecraft:fortune": 1 },
          { "minecraft:fortune": 2 },
          { "minecraft:fortune": 3 }
        ],
        "model": {
          "type": "minecraft:model",
          "model": "minecraft:item/enchanted_book_fortune"
        }
      },
      {
        "when": [
          { "minecraft:impaling": 1 },
          { "minecraft:impaling": 2 },
          { "minecraft:impaling": 3 },
          { "minecraft:impaling": 4 },
          { "minecraft:impaling": 5 }
        ],
        "model": {
          "type": "minecraft:model",
          "model": "minecraft:item/enchanted_book_impaling"
        }
      },
      {
        "when": [
          { "minecraft:looting": 1 },
          { "minecraft:looting": 2 },
          { "minecraft:looting": 3 }
        ],
        "model": {
          "type": "minecraft:model",
          "model": "minecraft:item/enchanted_book_looting"
        }
      },
      {
        "when": [
          { "minecraft:luck_of_the_sea": 1 },
          { "minecraft:luck_of_the_sea": 2 },
          { "minecraft:luck_of_the_sea": 3 }
        ],
        "model": {
          "type": "minecraft:model",
          "model": "minecraft:item/enchanted_book_luck_of_the_sea"
        }
      },
      {
        "when": [
          { "minecraft:lure": 1 },
          { "minecraft:lure": 2 },
          { "minecraft:lure": 3 }
        ],
        "model": {
          "type": "minecraft:model",
          "model": "minecraft:item/enchanted_book_lure"
        }
      },
      {
        "when": [
          { "minecraft:multishot": 1 }
        ],
        "model": {
          "type": "minecraft:model",
          "model": "minecraft:item/enchanted_book_multishot"
        }
      },
      {
        "when": [
          { "minecraft:punch": 1 },
          { "minecraft:punch": 2 }
        ],
        "model": {
          "type": "minecraft:model",
          "model": "minecraft:item/enchanted_book_punch"
        }
      },
      {
        "when": [
          { "minecraft:respiration": 1 },
          { "minecraft:respiration": 2 },
          { "minecraft:respiration": 3 }
        ],
        "model": {
          "type": "minecraft:model",
          "model": "minecraft:item/enchanted_book_respiration"
        }
      },
      {
        "when": [
          { "minecraft:riptide": 1 },
          { "minecraft:riptide": 2 },
          { "minecraft:riptide": 3 }
        ],
        "model": {
          "type": "minecraft:model",
          "model": "minecraft:item/enchanted_book_riptide"
        }
      },
      {
        "when": [
          { "minecraft:sweeping_edge": 1 },
          { "minecraft:sweeping_edge": 2 },
          { "minecraft:sweeping_edge": 3 }
        ],
        "model": {
          "type": "minecraft:model",
          "model": "minecraft:item/enchanted_book_sweeping_edge"
        }
      },
      {
        "when": [
          { "minecraft:bane_of_arthropods": 1 },
          { "minecraft:bane_of_arthropods": 2 },
          { "minecraft:bane_of_arthropods": 3 },
          { "minecraft:bane_of_arthropods": 4 },
          { "minecraft:bane_of_arthropods": 5 }
        ],
        "model": {
          "type": "minecraft:model",
          "model": "minecraft:item/enchanted_book_bane_of_arthropods"
        }
      },
      {
        "when": [
          { "minecraft:density": 1 },
          { "minecraft:density": 2 },
          { "minecraft:density": 3 },
          { "minecraft:density": 4 },
          { "minecraft:density": 5 }
        ],
        "model": {
          "type": "minecraft:model",
          "model": "minecraft:item/enchanted_book_density"
        }
      },
      {
        "when": [
          { "minecraft:feather_falling": 1 },
          { "minecraft:feather_falling": 2 },
          { "minecraft:feather_falling": 3 },
          { "minecraft:feather_falling": 4 }
        ],
        "model": {
          "type": "minecraft:model",
          "model": "minecraft:item/enchanted_book_feather_falling"
        }
      },
      {
        "when": [
          { "minecraft:fire_protection": 1 },
          { "minecraft:fire_protection": 2 },
          { "minecraft:fire_protection": 3 },
          { "minecraft:fire_protection": 4 }
        ],
        "model": {
          "type": "minecraft:model",
          "model": "minecraft:item/enchanted_book_fire_protection"
        }
      },
      {
        "when": [
          { "minecraft:knockback": 1 },
          { "minecraft:knockback": 2 }
        ],
        "model": {
          "type": "minecraft:model",
          "model": "minecraft:item/enchanted_book_knockback"
        }
      },
      {
        "when": [
          { "minecraft:loyalty": 1 },
          { "minecraft:loyalty": 2 },
          { "minecraft:loyalty": 3 }
        ],
        "model": {
          "type": "minecraft:model",
          "model": "minecraft:item/enchanted_book_loyalty"
        }
      },
      {
        "when": [
          { "minecraft:projectile_protection": 1 },
          { "minecraft:projectile_protection": 2 },
          { "minecraft:projectile_protection": 3 },
          { "minecraft:projectile_protection": 4 }
        ],
        "model": {
          "type": "minecraft:model",
          "model": "minecraft:item/enchanted_book_projectile_protection"
        }
      },
      {
        "when": [
          { "minecraft:quick_charge": 1 },
          { "minecraft:quick_charge": 2 },
          { "minecraft:quick_charge": 3 }
        ],
        "model": {
          "type": "minecraft:model",
          "model": "minecraft:item/enchanted_book_quick_charge"
        }
      },
      {
        "when": [
          { "minecraft:smite": 1 },
          { "minecraft:smite": 2 },
          { "minecraft:smite": 3 },
          { "minecraft:smite": 4 },
          { "minecraft:smite": 5 }
        ],
        "model": {
          "type": "minecraft:model",
          "model": "minecraft:item/enchanted_book_smite"
        }
      },
      {
        "when": [
          { "minecraft:unbreaking": 1 },
          { "minecraft:unbreaking": 2 },
          { "minecraft:unbreaking": 3 }
        ],
        "model": {
          "type": "minecraft:model",
          "model": "minecraft:item/enchanted_book_unbreaking"
        }
      },
      {
        "when": [
          { "minecraft:efficiency": 1 },
          { "minecraft:efficiency": 2 },
          { "minecraft:efficiency": 3 },
          { "minecraft:efficiency": 4 },
          { "minecraft:efficiency": 5 }
        ],
        "model": {
          "type": "minecraft:model",
          "model": "minecraft:item/enchanted_book_efficiency"
        }
      },
      {
        "when": [
          { "minecraft:piercing": 1 },
          { "minecraft:piercing": 2 },
          { "minecraft:piercing": 3 },
          { "minecraft:piercing": 4 }
        ],
        "model": {
          "type": "minecraft:model",
          "model": "minecraft:item/enchanted_book_piercing"
        }
      },
      {
        "when": [
          { "minecraft:power": 1 },
          { "minecraft:power": 2 },
          { "minecraft:power": 3 },
          { "minecraft:power": 4 },
          { "minecraft:power": 5 }
        ],
        "model": {
          "type": "minecraft:model",
          "model": "minecraft:item/enchanted_book_power"
        }
      },
      {
        "when": [
          { "minecraft:protection": 1 },
          { "minecraft:protection": 2 },
          { "minecraft:protection": 3 },
          { "minecraft:protection": 4 }
        ],
        "model": {
          "type": "minecraft:model",
          "model": "minecraft:item/enchanted_book_protection"
        }
      },
      {
        "when": [
          { "minecraft:sharpness": 1 },
          { "minecraft:sharpness": 2 },
          { "minecraft:sharpness": 3 },
          { "minecraft:sharpness": 4 },
          { "minecraft:sharpness": 5 }
        ],
        "model": {
          "type": "minecraft:model",
          "model": "minecraft:item/enchanted_book_sharpness"
        }
      }
    ],
    "fallback": {
      "type": "minecraft:model",
      "model": "minecraft:item/enchanted_book"
    }
  }
}