{
	"credit": "Made with Blockbench",
	"textures": {
		"particle": "block/cauldron_side",
		"side": "block/cauldron_side",
		"inside": "block/cauldron_inner",
		"top": "block/cauldron_top",
		"bottom": "block/cauldron_bottom"
	},
	"elements": [
		{
			"name": "foot_nw",
			"from": [0, 0, 0],
			"to": [3, 3, 3],
			"faces": {
				"north": {"uv": [13, 13, 16, 16], "texture": "#side", "cullface": "north"},
				"east": {"uv": [10, 13, 13, 16], "texture": "#side"},
				"south": {"uv": [3, 13, 6, 16], "texture": "#side"},
				"west": {"uv": [0, 13, 3, 16], "texture": "#side", "cullface": "west"},
				"down": {"uv": [0, 13, 3, 16], "texture": "#bottom", "cullface": "down"}
			}
		},
		{
			"name": "foot_ne",
			"from": [13, 0, 0],
			"to": [16, 3, 3],
			"faces": {
				"north": {"uv": [0, 13, 3, 16], "texture": "#side", "cullface": "north"},
				"east": {"uv": [13, 13, 16, 16], "texture": "#side", "cullface": "east"},
				"south": {"uv": [10, 13, 13, 16], "texture": "#side"},
				"west": {"uv": [3, 13, 6, 16], "texture": "#side"},
				"down": {"uv": [13, 13, 16, 16], "texture": "#bottom", "cullface": "down"}
			}
		},
		{
			"name": "foot_se",
			"from": [13, 0, 13],
			"to": [16, 3, 16],
			"faces": {
				"north": {"uv": [3, 13, 6, 16], "texture": "#side"},
				"east": {"uv": [0, 13, 3, 16], "texture": "#side", "cullface": "east"},
				"south": {"uv": [13, 13, 16, 16], "texture": "#side", "cullface": "south"},
				"west": {"uv": [10, 13, 13, 16], "texture": "#side"},
				"down": {"uv": [13, 0, 16, 3], "texture": "#bottom", "cullface": "down"}
			}
		},
		{
			"name": "foot_sw",
			"from": [0, 0, 13],
			"to": [3, 3, 16],
			"faces": {
				"north": {"uv": [10, 13, 13, 16], "texture": "#side"},
				"east": {"uv": [3, 13, 6, 16], "texture": "#side"},
				"south": {"uv": [0, 13, 3, 16], "texture": "#side", "cullface": "south"},
				"west": {"uv": [13, 13, 16, 16], "texture": "#side", "cullface": "west"},
				"down": {"uv": [0, 0, 3, 3], "texture": "#bottom", "cullface": "down"}
			}
		},
		{
			"name": "side_n",
			"from": [0, 3, 0],
			"to": [16, 16, 2],
			"faces": {
				"north": {"uv": [0, 0, 16, 13], "texture": "#side", "cullface": "north"},
				"east": {"uv": [14, 0, 16, 13], "texture": "#side", "cullface": "east"},
				"south": {"uv": [0, 0, 16, 13], "texture": "#inside", "cullface": "up"},
				"west": {"uv": [0, 0, 2, 13], "texture": "#side", "cullface": "west"},
				"up": {"uv": [0, 0, 16, 2], "texture": "#top", "cullface": "up"},
				"down": {"uv": [0, 14, 16, 16], "texture": "#bottom"}
			}
		},
		{
			"name": "side_e",
			"from": [14, 3, 2],
			"to": [16, 16, 14],
			"faces": {
				"east": {"uv": [2, 0, 14, 13], "texture": "#side", "cullface": "east"},
				"west": {"uv": [2, 0, 14, 13], "texture": "#inside", "cullface": "up"},
				"up": {"uv": [14, 2, 16, 14], "texture": "#top", "cullface": "up"},
				"down": {"uv": [14, 2, 16, 14], "texture": "#bottom"}
			}
		},
		{
			"name": "side_s",
			"from": [0, 3, 14],
			"to": [16, 16, 16],
			"faces": {
				"north": {"uv": [0, 0, 16, 13], "texture": "#inside", "cullface": "up"},
				"east": {"uv": [0, 0, 2, 13], "texture": "#side", "cullface": "east"},
				"south": {"uv": [0, 0, 16, 13], "texture": "#side", "cullface": "south"},
				"west": {"uv": [14, 0, 16, 13], "texture": "#side", "cullface": "west"},
				"up": {"uv": [0, 14, 16, 16], "texture": "#top", "cullface": "up"},
				"down": {"uv": [0, 0, 16, 2], "texture": "#bottom"}
			}
		},
		{
			"name": "side_w",
			"from": [0, 3, 2],
			"to": [2, 16, 14],
			"faces": {
				"east": {"uv": [2, 0, 14, 13], "texture": "#inside", "cullface": "up"},
				"west": {"uv": [2, 0, 14, 13], "texture": "#side", "cullface": "west"},
				"up": {"uv": [0, 2, 2, 14], "texture": "#top", "cullface": "up"},
				"down": {"uv": [0, 2, 2, 14], "texture": "#bottom"}
			}
		},
		{
			"name": "bottom",
			"from": [2, 3, 2],
			"to": [14, 5, 14],
			"rotation": {"angle": 0, "axis": "y", "origin": [2, 3, 2]},
			"faces": {
				"up": {"uv": [2, 2, 14, 14], "texture": "#top", "cullface": "up"},
				"down": {"uv": [2, 2, 14, 14], "texture": "#bottom"}
			}
		}
	],
	"display": {
		"thirdperson_righthand": {
			"rotation": [75, 45, 0],
			"translation": [0, 2.5, 0],
			"scale": [0.375, 0.375, 0.375]
		},
		"firstperson_righthand": {
			"rotation": [0, 45, 0],
			"scale": [0.4, 0.4, 0.4]
		},
		"ground": {
			"translation": [0, 3, 0],
			"scale": [0.25, 0.25, 0.25]
		},
		"gui": {
			"rotation": [30, 225, 0],
			"scale": [0.625, 0.625, 0.625]
		},
		"fixed": {
			"scale": [0.5, 0.5, 0.5]
		}
	}
}