{
	"credit": "Made with Blockbench",
	"ambientocclusion": false,
	"textures": {
		"slab": "block/smooth_stone",
		"particle": "block/comparator_subtracting_on",
		"top": "block/comparator_subtracting_on",
		"lit": "block/redstone_torch"
	},
	"elements": [
		{
			"name": "slab",
			"from": [0, 0, 0],
			"to": [16, 2, 16],
			"faces": {
				"north": {"uv": [0, 14, 16, 16], "texture": "#slab", "cullface": "north"},
				"east": {"uv": [0, 14, 16, 16], "texture": "#slab", "cullface": "east"},
				"south": {"uv": [0, 14, 16, 16], "texture": "#slab", "cullface": "south"},
				"west": {"uv": [0, 14, 16, 16], "texture": "#slab", "cullface": "west"},
				"down": {"uv": [0, 0, 16, 16], "texture": "#slab", "cullface": "down"}
			}
		},
		{
			"name": "slab_top_n",
			"from": [0, 0, 0],
			"to": [16, 2, 11],
			"faces": {
				"up": {"uv": [0, 0, 16, 11], "texture": "#top"}
			}
		},
		{
			"name": "slab_top_s",
			"from": [0, 0, 13],
			"to": [16, 2, 16],
			"rotation": {"angle": 0, "axis": "y", "origin": [0, 0, 13]},
			"faces": {
				"up": {"uv": [0, 13, 16, 16], "texture": "#top"}
			}
		},
		{
			"name": "slab_top_w",
			"from": [0, 0, 11],
			"to": [4, 2, 13],
			"rotation": {"angle": 0, "axis": "y", "origin": [0, 0, 11]},
			"faces": {
				"up": {"uv": [0, 11, 4, 13], "texture": "#top"}
			}
		},
		{
			"name": "slab_top_e",
			"from": [12, 0, 11],
			"to": [16, 2, 13],
			"rotation": {"angle": 0, "axis": "y", "origin": [12, 0, 11]},
			"faces": {
				"up": {"uv": [12, 11, 16, 13], "texture": "#top"}
			}
		},
		{
			"name": "slab_top_lit",
			"from": [4, 0, 11],
			"to": [12, 2, 13],
			"shade": false,
			"light_emission": 15,
			"rotation": {"angle": 0, "axis": "y", "origin": [6, 0, 11]},
			"faces": {
				"up": {"uv": [4, 11, 12, 13], "texture": "#top"}
			}
		},
		{
			"name": "glow_n",
			"from": [7, 2, 2],
			"to": [9, 5, 4],
			"shade": false,
			"light_emission": 15,
			"faces": {
				"north": {"uv": [7, 6, 9, 9], "texture": "#lit"},
				"east": {"uv": [7, 6, 9, 9], "texture": "#lit"},
				"south": {"uv": [7, 6, 9, 9], "texture": "#lit"},
				"west": {"uv": [7, 6, 9, 9], "texture": "#lit"},
				"up": {"uv": [7, 6, 8, 7], "texture": "#lit"}
			}
		},
		{
			"name": "shaft_se",
			"from": [10, 2, 11],
			"to": [12, 4, 13],
			"shade": false,
			"faces": {
				"north": {"uv": [7, 9, 9, 11], "texture": "#lit"},
				"east": {"uv": [7, 9, 9, 11], "texture": "#lit"},
				"south": {"uv": [7, 9, 9, 11], "texture": "#lit"},
				"west": {"uv": [7, 9, 9, 11], "texture": "#lit"}
			}
		},
		{
			"name": "glow_se",
			"from": [10, 4, 11],
			"to": [12, 7, 13],
			"shade": false,
			"light_emission": 15,
			"faces": {
				"north": {"uv": [7, 6, 9, 9], "texture": "#lit"},
				"east": {"uv": [7, 6, 9, 9], "texture": "#lit"},
				"south": {"uv": [7, 6, 9, 9], "texture": "#lit"},
				"west": {"uv": [7, 6, 9, 9], "texture": "#lit"},
				"up": {"uv": [7, 6, 8, 7], "texture": "#lit"}
			}
		},
		{
			"name": "shaft_sw",
			"from": [4, 2, 11],
			"to": [6, 4, 13],
			"shade": false,
			"rotation": {"angle": 0, "axis": "y", "origin": [-6, 0, 0]},
			"faces": {
				"north": {"uv": [7, 9, 9, 11], "texture": "#lit"},
				"east": {"uv": [7, 9, 9, 11], "texture": "#lit"},
				"south": {"uv": [7, 9, 9, 11], "texture": "#lit"},
				"west": {"uv": [7, 9, 9, 11], "texture": "#lit"}
			}
		},
		{
			"name": "glow_sw",
			"from": [4, 4, 11],
			"to": [6, 7, 13],
			"shade": false,
			"light_emission": 15,
			"rotation": {"angle": 0, "axis": "y", "origin": [-6, 0, 0]},
			"faces": {
				"north": {"uv": [7, 6, 9, 9], "texture": "#lit"},
				"east": {"uv": [7, 6, 9, 9], "texture": "#lit"},
				"south": {"uv": [7, 6, 9, 9], "texture": "#lit"},
				"west": {"uv": [7, 6, 9, 9], "texture": "#lit"},
				"up": {"uv": [7, 6, 8, 7], "texture": "#lit"}
			}
		},
		{
			"from": [3.5, 1.5, 10.5],
			"to": [6.5, 4.5, 13.5],
			"shade": false,
			"light_emission": 15,
			"faces": {
				"up": {"uv": [6, 5, 7, 6], "texture": "#lit"}
			}
		},
		{
			"from": [3.5, 7.5, 10.5],
			"to": [6.5, 10.5, 13.5],
			"shade": false,
			"light_emission": 15,
			"faces": {
				"down": {"uv": [6, 5, 7, 6], "texture": "#lit"}
			}
		},
		{
			"from": [3.5, 4.5, 7.5],
			"to": [6.5, 7.5, 10.5],
			"shade": false,
			"light_emission": 15,
			"faces": {
				"south": {"uv": [6, 5, 7, 6], "texture": "#lit"}
			}
		},
		{
			"from": [3.5, 4.5, 13.5],
			"to": [6.5, 7.5, 16.5],
			"shade": false,
			"light_emission": 15,
			"faces": {
				"north": {"uv": [6, 5, 7, 6], "texture": "#lit"}
			}
		},
		{
			"from": [0.5, 4.5, 10.5],
			"to": [3.5, 7.5, 13.5],
			"shade": false,
			"light_emission": 15,
			"faces": {
				"east": {"uv": [6, 5, 7, 6], "texture": "#lit"}
			}
		},
		{
			"from": [6.5, 4.5, 10.5],
			"to": [9.5, 7.5, 13.5],
			"shade": false,
			"light_emission": 15,
			"faces": {
				"west": {"uv": [6, 5, 7, 6], "texture": "#lit"}
			}
		},
		{
			"from": [9.5, 1.5, 10.5],
			"to": [12.5, 4.5, 13.5],
			"shade": false,
			"light_emission": 15,
			"faces": {
				"up": {"uv": [6, 5, 7, 6], "texture": "#lit"}
			}
		},
		{
			"from": [9.5, 7.5, 10.5],
			"to": [12.5, 10.5, 13.5],
			"shade": false,
			"light_emission": 15,
			"faces": {
				"down": {"uv": [6, 5, 7, 6], "texture": "#lit"}
			}
		},
		{
			"from": [9.5, 4.5, 7.5],
			"to": [12.5, 7.5, 10.5],
			"shade": false,
			"light_emission": 15,
			"faces": {
				"south": {"uv": [6, 5, 7, 6], "texture": "#lit"}
			}
		},
		{
			"from": [9.5, 4.5, 13.5],
			"to": [12.5, 7.5, 16.5],
			"shade": false,
			"light_emission": 15,
			"faces": {
				"north": {"uv": [6, 5, 7, 6], "texture": "#lit"}
			}
		},
		{
			"from": [6.5, 4.5, 10.5],
			"to": [9.5, 7.5, 13.5],
			"shade": false,
			"light_emission": 15,
			"faces": {
				"east": {"uv": [6, 5, 7, 6], "texture": "#lit"}
			}
		},
		{
			"from": [12.5, 4.5, 10.5],
			"to": [15.5, 7.5, 13.5],
			"shade": false,
			"light_emission": 15,
			"faces": {
				"west": {"uv": [6, 5, 7, 6], "texture": "#lit"}
			}
		},
		{
			"from": [6.5, -0.5, 1.5],
			"to": [9.5, 2.5, 4.5],
			"shade": false,
			"light_emission": 15,
			"faces": {
				"up": {"uv": [6, 5, 7, 6], "texture": "#lit"}
			}
		},
		{
			"from": [6.5, 5.5, 1.5],
			"to": [9.5, 8.5, 4.5],
			"shade": false,
			"light_emission": 15,
			"faces": {
				"down": {"uv": [6, 5, 7, 6], "texture": "#lit"}
			}
		},
		{
			"from": [6.5, 2.5, -1.5],
			"to": [9.5, 5.5, 1.5],
			"shade": false,
			"light_emission": 15,
			"faces": {
				"south": {"uv": [6, 5, 7, 6], "texture": "#lit"}
			}
		},
		{
			"from": [6.5, 2.5, 4.5],
			"to": [9.5, 5.5, 7.5],
			"shade": false,
			"light_emission": 15,
			"faces": {
				"north": {"uv": [6, 5, 7, 6], "texture": "#lit"}
			}
		},
		{
			"from": [3.5, 2.5, 1.5],
			"to": [6.5, 5.5, 4.5],
			"shade": false,
			"light_emission": 15,
			"faces": {
				"east": {"uv": [6, 5, 7, 6], "texture": "#lit"}
			}
		},
		{
			"from": [9.5, 2.5, 1.5],
			"to": [12.5, 5.5, 4.5],
			"shade": false,
			"light_emission": 15,
			"faces": {
				"west": {"uv": [6, 5, 7, 6], "texture": "#lit"}
			}
		}
	]
}